"id","name","full_name"
"606da4d1ff0b204d6406fc9d","coloripher","anvol/coloripher"
"606da4d4ff0b204d6406fca4","CodeEval","savanibharat/CodeEval"
"606da6baff0b20482c14cbd0","Notes","kikeh/Notes"
"606da6bdff0b20482c14cbd5","chrome.sockets.udp","stouzy/chrome.sockets.udp"
"606dab96ff0b203cecd6e008","SchoolManagment","thasneemilm/SchoolManagment"
"606dab98ff0b203cecd6e00d","MMV","Sinius15/MMV"
"606db0f1ff0b2031ecac570b","whichit","murat8505/whichit"
"606db0f3ff0b2031ecac5714","Ninrox","raja-ar/Ninrox"
"606dd7f2ff0b20147c2c98d7","DailySelfie","Cobrijani/DailySelfie"
"606dd7f4ff0b20147c2c98e0","Equalizer","tag730/Equalizer"
"606dd932ff0b202fc08b0e43","ImagePicker","rameshkec85/ImagePicker"
"606dd935ff0b202fc08b0e48","TodoListApp","stravant/TodoListApp"
"606de197ff0b204d4c1c59e4","WeatherApp","blu3ph0eNIX/WeatherApp"
"606de19aff0b204d4c1c59f9","TravelingSalesman","katiewu/TravelingSalesman"
"606de3a3ff0b203678bcc7b2","mercurio","uaijug/mercurio"
"606de3a4ff0b203678bcc7b7","PrimeNumberGame","BananaSpoon/PrimeNumberGame"
"606de6d7ff0b203508cb06ea","LifeGame","Atsumi3/LifeGame"
"606de6d9ff0b203508cb06ef","coolweather","yangli0814/coolweather"
"606de96aff0b2050ec17f54f","ContactManager","abhijitkamb/ContactManager"
"606de96cff0b2050ec17f554","Calculator","namudak/Calculator"
"606e2f3488d4f34480a3f8b3","SalaryInChina","jewelzqiu/SalaryInChina"
"606e2f3688d4f34480a3f8bb","MutiChannelPackup","haikuowuya/MutiChannelPackup"
"606e302388d4f330785161d8","Spaar","savedmed/Spaar"
"606e302588d4f330785161e0","Inzynier","bobo93/Inzynier"
"606e312688d4f304648fbddd","driver-logbook","hash-imi/driver-logbook"
"606e312888d4f304648fbde6","HexClock","Sayujya/HexClock"
"606e322c88d4f30df0ab7fc4","MarcadorTennis","soolelu/MarcadorTennis"
"606e322e88d4f30df0ab7fcb","StateActivity","madeast/StateActivity"
"606e336c88d4f31e70d36bf6","Toku-master","mario-gnosis/Toku-master"
"606e336f88d4f31e70d36bfb","MouseMover","gilmario-kpslow/MouseMover"
"606e345c88d4f343346a301f","SmartLifev3","mrafaelbatista/SmartLifev3"
"606e345f88d4f343346a3024","RadarScanView","taimur97/RadarScanView"
"606e354888d4f30a0429cd54","Cm_yamba","Bauq/Cm_yamba"
"606e354a88d4f30a0429cd5c","ionless","rbulha/ionless"
"606e410988d4f34da4c078d4","SlidableLayout","EncodeX/SlidableLayout"
"606e410a88d4f34da4c078de","Interactive-Story-App","rajeshmule/Interactive-Story-App"
"606e4de788d4f31490e2a6af","CostOnCommand","Tannerq/CostOnCommand"
"606e4de988d4f31490e2a6b8","EmployeeLocation","junctiontech/EmployeeLocation"
"606e514988d4f340443dfb74","annotera","skarflacka/annotera"
"606e514b88d4f340443dfb7a","ZombieBird","shayanc/ZombieBird"
"60777fcc88d4f336500896d4","cuddly-fibula","Nevvea7/cuddly-fibula"
"60777fce88d4f336500896dd","Tetris","bgbock/Tetris"
"6077876088d4f326d03899c6","MappServ","ambey/MappServ"
"6077876288d4f326d03899d0","IrisAnalysis","JiriCagis/IrisAnalysis"
"6077882f88d4f32a1cb3b336","chat","GaojunLu/chat"
"6077883188d4f32a1cb3b33d","coolweather","18883879573/coolweather"
"6077888688d4f3220cbf3c0e","poussette","djameldrifel/poussette"
"6077888788d4f3220cbf3c18","BlurZoomGallery","fafaldo/BlurZoomGallery"
"6077896588d4f3497406998f","AngryStudents","bobxiv/AngryStudents"
"6077896788d4f34974069994","KaYSpaceInvaders","KaYBlitZ/KaYSpaceInvaders"
"60778c4188d4f324e884a756","KeypadView","jebstuart/KeypadView"
"60778c4288d4f324e884a75e","meter","kvothemosser/meter"
"60778d1c88d4f3104434db3c","TheCalculator","magikarpsz/TheCalculator"
"60778d1e88d4f3104434db43","white-elephant","strategist922/white-elephant"
"60778d9488d4f3191c48e5be","MinecraftProceduralCastles","Taggme/MinecraftProceduralCastles"
"60778d9788d4f3191c48e5c6","simAn","fincken/simAn"
"60778df388d4f3159433095a","Zombiebird","henwii/Zombiebird"
"60778df588d4f31594330962","otaku","sioLabs/otaku"
"60778f9388d4f345b00fd77c","FiniteFlow","eurycea/FiniteFlow"
"60778f9588d4f345b00fd782","IronmanSurvival","SBPrime/IronmanSurvival"
"607a38b088d4f3438cfd31ab","edesia","BenGlasser/edesia"
"607a38b388d4f3438cfd31b2","OkWear","neeerveless/OkWear"
"607a393688d4f3037c7b5103","MoneyCalculator","jxelremo/MoneyCalculator"
"607a393888d4f3037c7b510a","E-Voting-System","hojjataghakhani/E-Voting-System"
"607a39b588d4f33cc8b6362c","TadukooBibleBooks","Tadukoo/TadukooBibleBooks"
"607a39b888d4f33cc8b63647","SlideActivity","soonlen/SlideActivity"
"607a3a5188d4f33704f809ec","CarCommunication","szlinjia/CarCommunication"
"607a3a5288d4f33704f809f3","CubeTimer","AinaSG/CubeTimer"
"607a3af388d4f338806d411a","imageXMLGenerator","strife/imageXMLGenerator"
"607a3af488d4f338806d411f","configur8r","shalecraig/configur8r"
"607a3d2588d4f31d1c807c92","localiq","shalindalal/localiq"
"607a3d2688d4f31d1c807c99","PullUpChallenge2014","tajen/PullUpChallenge2014"
"607a3dbc88d4f324887a8019","BeatWatch","macsj200/BeatWatch"
"607a3dbd88d4f324887a8021","FairyAutoGridView","sc1992/FairyAutoGridView"
"607a3e3988d4f33ca881366b","game-of-life","soulloud/game-of-life"
"607a3e3a88d4f33ca8813674","word-counter","soulloud/word-counter"
"607a3edf88d4f32a60f60970","slack4gerrit","c-robin/slack4gerrit"
"607a3ee088d4f32a60f60976","TVRatings","aelkady/TVRatings"
"607a41b088d4f30a88117464","SimplyTimelapse","noclue/SimplyTimelapse"
"607a41b088d4f30a88117469","Prog2","Schtu/Prog2"
"607a454488d4f3350cb497d3","CircularImageView","bspurgin/CircularImageView"
"607a454688d4f3350cb497f9","YahooNewsOnboarding","yippeeapp/YahooNewsOnboarding"
"607a462688d4f3396c81cb01","Calculator_redone","jonnylee719/Calculator_redone"
"607a462788d4f3396c81cb25","tp1_PM","isaiasfsilva/tp1_PM"
"607a4b5188d4f32de80fe245","storm-state","stormprocessor/storm-state"
"607a4b5288d4f32de80fe260","descent","jivdhaliwal/descent"
"607a4e4488d4f30d1842b778","XOgame","Stozhkov/XOgame"
"607a4e4588d4f30d1842b78e","SinhikaBark","Sinhika/SinhikaBark"
"607a4ee788d4f3010c64a580","geoip","savobalac/geoip"
"607a4ee988d4f3010c64a5ad","Letsmod","sinistrousdexterous/Letsmod"
"607a504088d4f326f8779c55","Makao","Humberd/Makao"
"607a504288d4f326f8779c74","chains","MTDdk/chains"
"607ae30488d4f32bac8c5ed9","graph-stuff","stranger-zedd/graph-stuff"
"607ae30588d4f32bac8c5eef","martifacts","martylamb/martifacts"
"607ae41b88d4f3250cb20397","gridView","sonwh98/gridView"
"607ae41c88d4f3250cb203c5","fluffyThreadPool","philipjar/fluffyThreadPool"
"607aea0488d4f3017000aa81","TheGang","drobishman/TheGang"
"607aea0588d4f3017000aaa6","BuildAnAuton","kuhfzgbt/BuildAnAuton"
"607aeb2288d4f333444bd02d","chip8j","taganaka/chip8j"
"607aeb2488d4f333444bd04b","DanSin","sinnott74/DanSin"
"607aee1588d4f324b4cdb842","dropwizard-tika-server","mattflax/dropwizard-tika-server"
"607aee1688d4f324b4cdb85d","Small_Dense_Subgraphs","pa5h1nh0/Small_Dense_Subgraphs"
"607aeeac88d4f3305c1f1c0b","lolin1-twitter-promoter","stoyicker/lolin1-twitter-promoter"
"607aeead88d4f3305c1f1c2b","gpodder_provider","thasmin/gpodder_provider"
"607aef1888d4f324642665da","artemis","StQuote/artemis"
"607aef1988d4f3246426662c","TadukooEssentials","Tadukoo/TadukooEssentials"
"607aefca88d4f338b4c95885","lastcaller","strahlex/lastcaller"
"607aefcc88d4f338b4c958ad","highbird","hymanliu/highbird"
"607af02588d4f309cc8aa5cb","JmxAgent","strategist922/JmxAgent"
"607af02688d4f309cc8aa5e4","ManySmallTweaks","Sayshal/ManySmallTweaks"
"607af09288d4f33a14bd44c4","smash","appformation/smash"
"607af09388d4f33a14bd44f3","aptcombo","taichi/aptcombo"
"607af0ff88d4f31324219034","UzenNoah","UzenNoah/UzenNoah"
"607af10088d4f31324219061","Foramina","streppa/Foramina"
"607af16588d4f32a688535f1","TextToVoice","Reline/TextToVoice"
"607af16688d4f32a6885360c","Sudoku","mcekiera/Sudoku"
"607af22b88d4f32090db8d50","playqi","sbkhuis/playqi"
"607af22c88d4f32090db8d78","NfcActivity","Rgghgh/NfcActivity"
"607af29a88d4f33358ebcdd5","WoodyFaceDetection","taimur97/WoodyFaceDetection"
"607af29b88d4f33358ebcdf2","scraper","rc678/scraper"
"607af82c88d4f31e4040e04b","CircularImageView","sayem405/CircularImageView"
"607af82e88d4f31e4040e076","flume-syslog-source2","strategist922/flume-syslog-source2"
"607b122a88d4f33fc876ec86","colorrecogfirstapproach","franzbona/colorrecogfirstapproach"
"607b122c88d4f33fc876ecac","groupme-slack","JSmooVE3990/groupme-slack"
"607b129088d4f323a0b5b4c5","FizzBuzzEnterpriseEdition","Sosowski/FizzBuzzEnterpriseEdition"
"607b129188d4f323a0b5b4ec","JsBridge","koudle/JsBridge"
"607b133188d4f317d8413410","Takuma-Dam-1","Takumakun/Takuma-Dam-1"
"607b133288d4f317d8413429","RecyclerViewHeader","lancevalour/RecyclerViewHeader"
"607b13a888d4f33e3c70bc77","picasso-transformations","studyfordream/picasso-transformations"
"607b13a988d4f33e3c70bca5","ceoncall","SCastaneda/ceoncall"
"607b1a6188d4f335a486ca99","account-management-addon","seedstack/account-management-addon"
"607b1a6388d4f335a486cab4","easygcm","soyangel/easygcm"
"607b1ac688d4f30ac0a5eba7","luckymoney","ray26/luckymoney"
"607b1ac888d4f30ac0a5ebc1","GifImageView","taipham/GifImageView"
"607b1b1f88d4f337d0db9025","KwateeServer","varnerlab/KwateeServer"
"607b1b2088d4f337d0db9042","javaHarjutused","liina/javaHarjutused"
"607b1b9e88d4f32624cc3c84","rxjava-koans","hypest/rxjava-koans"
"607b1b9f88d4f32624cc3ca5","commit-browser","elmot/commit-browser"
"607b1c0588d4f31ef87e2b15","ENGR491-Fall2015","CourseReps/ENGR491-Fall2015"
"607b1c0688d4f31ef87e2b33","isitrecyclingweek","mrosack/isitrecyclingweek"
"607b1cce88d4f3196c7cdb94","TouchImageView","singpolyma/TouchImageView"
"607b1cd088d4f3196c7cdbcd","resolver","kokosing/resolver"
"607b1dbf88d4f338d8ed6123","Uebung","hibbes/Uebung"
"607b1dc088d4f338d8ed6142","rtcharts","SINTEF-9012/rtcharts"
"607b24e988d4f33e086d0e56","MultiStateView","jiechic/MultiStateView"
"607b24ea88d4f33e086d0e81","GaugeView","Guihgo/GaugeView"
"607b253088d4f30f80b2f3ed","gerrit-owners","garethbowles/gerrit-owners"
"607b253188d4f30f80b2f411","titlebar","bacy/titlebar"
"607b269688d4f31574875fa4","abstract-mail-processor","scandio/abstract-mail-processor"
"607b269788d4f31574875fcc","PullToRefresh","gbhu/PullToRefresh"
"607b26ea88d4f329f861fd8e","KATA2","ejrbalma/KATA2"
"607b26eb88d4f329f861fdb9","ansi-econsole","tan9/ansi-econsole"
"607b27fc88d4f326c4da4afc","empiresmmo","TanCYA/empiresmmo"
"607b27fd88d4f326c4da4b1b","availablemodelsapi","MEWorkbench/availablemodelsapi"
"607b2bd888d4f3283c52b13c","Chess","Sitzilla/Chess"
"607b2bda88d4f3283c52b154","alpha","spark85/alpha"
"607b2cea88d4f32d6c73ff43","threadannotations","sjappig/threadannotations"
"607b2ceb88d4f32d6c73ff71","Craftsman","taobaorun/Craftsman"
"607b2d4788d4f31a185ab93d","murmurhash3-ruby","bogdanovich/murmurhash3-ruby"
"607b2d4988d4f31a185ab959","GPPRealEstate","idnthvn/GPPRealEstate"
"607b2e5388d4f32ac884324a","re2j","jkadams/re2j"
"607b2e5488d4f32ac8843272","dreamtogether","DTalliance2008/dreamtogether"
"607b2f8e88d4f33c947388e1","Car-Racing","saw792/Car-Racing"
"607b2f9588d4f33c94738906","nokpon","taerimmk/nokpon"
"607b33b988d4f337800c1484","SohojSoncoi","sayefsakin/SohojSoncoi"
"607b33c588d4f337800c14b1","ComLibrary","comdude2/ComLibrary"
"607b347288d4f33e24d5d769","urbanisationSIpharma2016","Taffumi81/urbanisationSIpharma2016"
"607b347488d4f33e24d5d780","artifact-listener","shailuchougale/artifact-listener"
"607b36a588d4f331d859bef2","AlgoritmaAnalizLabCalismalarim","tahademir/AlgoritmaAnalizLabCalismalarim"
"607b36a788d4f331d859bf06","Data-Mining-Project","carraghr/Data-Mining-Project"
"607b37bc88d4f32b2ccee0e7","SecureHome","HauckA/SecureHome"
"607b37be88d4f32b2ccee12a","chestbelt-android","SINTEF-9012/chestbelt-android"
"607b38b688d4f31b2cf13786","LeetCode_Round2","hpplayer/LeetCode_Round2"
"607b38b988d4f31b2cf137d7","fut5","juangallo/fut5"
"607b3b4a88d4f33f78ab1a00","comyted","gitter-badger/comyted"
"607b3b4d88d4f33f78ab1a1b","wechat","strongme/wechat"
"607b3bce88d4f33fa0f59a86","MinecraftSkinSystem","TakeIt2me/MinecraftSkinSystem"
"607b3bd188d4f33fa0f59ab0","ImmersiveEngineering","Soro300/ImmersiveEngineering"
"607b3caf88d4f329f8e91036","Computational-geometry","Kurukshetran/Computational-geometry"
"607b3cb288d4f329f8e9106a","counterpoint-service","joshlong/counterpoint-service"
"607b65ed88d4f31ff06436c4","LakerBooks","antoinesaliba/LakerBooks"
"607b65f088d4f31ff0643718","flus","singo107/flus"
"607b665c88d4f30f8c1c85de","movepoc","saviorgp/movepoc"
"607b666188d4f30f8c1c860c","restaurant-tracker","Tadi02/restaurant-tracker"
"607b66ee88d4f303b8f680b4","hiho","strategist922/hiho"
"607b66f288d4f303b8f680d1","dbvim","sinnlabs/dbvim"
"607b674988d4f3386cdba8b5","lol","jossjacobo/lol"
"607b674c88d4f3386cdba903","KE-SchoolScheduler","rutgervanwilligen/KE-SchoolScheduler"
"607db625ff0b2037980b137c","GroovyKB","srsajid/GroovyKB"
"607db62bff0b2037980b13bc","StudentEnrollmentWithSpring","ChandiVinay/StudentEnrollmentWithSpring"
"607e1cb912f9e02de0f33c84","dawne","taky/dawne"
"607e1cbc12f9e02de0f33ce9","Neural-Networks","Siretu/Neural-Networks"
"607e1fc812f9e03fec7b2878","gdx-exodus","pantinor/gdx-exodus"
"607e1fcd12f9e03fec7b28a1","L3Informatique","TamaraRocacher/L3Informatique"
"607e231912f9e02dd8b87509","hijack","blenessy/hijack"
"607e231c12f9e02dd8b87549","jfinal","SpadeJ/jfinal"
"607e240012f9e025c48a7872","Hometown","noahrinehart/Hometown"
"607e240312f9e025c48a7886","CucumberSync","eXfio/CucumberSync"
"607e246712f9e031309e2bc4","sshtunnel","gjedeer/sshtunnel"
"607e246a12f9e031309e2bd8","iMedJelly","Science-o-matic/iMedJelly"
"607e3b3f12f9e04238394916","TcorsMiner","cybergeek2015/TcorsMiner"
"607e3b4212f9e04238394959","Conquer","yippeeapp/Conquer"
"607e3cdd12f9e040f4c7e229","OOP-2015","SIonut/OOP-2015"
"607e3ce012f9e040f4c7e24e","smartwindow","sbfcangialosi/smartwindow"
"607e3d7312f9e02958b002ca","moshi","taimur97/moshi"
"607e3d7512f9e02958b00302","StockSpace","shalinbanjara/StockSpace"
"607e3f3d12f9e03c542ce228","lol-jclient","Soshii/lol-jclient"
"607e3f4012f9e03c542ce274","egads","FlorianLautenschlager/egads"
"607e42fa12f9e03d689c09a2","Medical-Vision","sirolf2009/Medical-Vision"
"607e42ff12f9e03d689c09d5","comp3111","vannesachan/comp3111"
"607e489912f9e030a075e9fd","BacklogTool","sublibra/BacklogTool"
"607e489b12f9e030a075ea10","HQM","Mazdallier/HQM"
"607ebed012f9e02098b7f7f3","laboratory","SharlesWeima/laboratory"
"607ebed312f9e02098b7f84d","room4u","nessagroup/room4u"
"607ec0cd12f9e035c4bac19e","SkyWarsReloaded","dumbninja22/SkyWarsReloaded"
"607ec0dc12f9e035c4bac1db","ZkPortal","juanortiz10/ZkPortal"
"607ec18512f9e04194109df9","carbon-qos","shashikap/carbon-qos"
"607ec18612f9e04194109e10","Metallurgy","Nathkt1/Metallurgy"
"607ec3fd12f9e013c09e89c5","artificialIntelligence","taschetto/artificialIntelligence"
"607ec40012f9e013c09e8a08","proyectoSpring123","ProSerCOSW2015-2/proyectoSpring123"
"607f026012f9e02fe4040749","webqq-core","Cnly/webqq-core"
"607f026512f9e02fe4040771","activiti","sbglasius/activiti"
"607f02cd12f9e01060b185a5","org.mxunit.eclipseplugin","carlospatinos/org.mxunit.eclipseplugin"
"607f02d012f9e01060b18600","rocketmq-console","tgou/rocketmq-console"
"607f03a612f9e034201e1bf3","elfinder-servlet","Studio-42/elfinder-servlet"
"607f03a912f9e034201e1c17","cell_coord","pcmasuzzo/cell_coord"
"607f040612f9e01f748c90ef","spring-crypto-utils","talkvip/spring-crypto-utils"
"607f040a12f9e01f748c917f","labimp.extend","sormaz/labimp.extend"
"607f049712f9e0173440a7c1","cascading.solr","ScaleUnlimited/cascading.solr"
"607f049a12f9e0173440a826","imgurDownloader","MonoDeCodo/imgurDownloader"
"607f059212f9e027044edb57","Xtext-Sirius-integration","nbrouwers/Xtext-Sirius-integration"
"607f059412f9e027044edb85","sojo","kidoz/sojo"
"607f05fd12f9e03c3086dc97","repo1","hhugohm/repo1"
"607f05ff12f9e03c3086dcbe","jninka","jvanzyl/jninka"
"607f06b312f9e044581d6d61","xtractor","ArnaudParant/xtractor"
"607f06b512f9e044581d6d97","Monecruft","Ivelate/Monecruft"
"607f0a2312f9e04410bca898","netflix-commons","t-ashraf/netflix-commons"
"607f0a2612f9e04410bca905","irys-chouette","afimb/irys-chouette"
"607f0c3a9cc3b34b207ba8bb","OneDriveJavaSDK","tawalaya/OneDriveJavaSDK"
"607f0c3d9cc3b34b207ba8dd","loreLocks","DrkMatr1984/loreLocks"
"607f624c9cc3b33ee4e2b661","jimfs","ashwini-mnnit/jimfs"
"607f62559cc3b33ee4e2b7f5","RoaringBitmap","sinlov/RoaringBitmap"
"607f62c39cc3b34048c8c246","fast-serialization","rohitwali/fast-serialization"
"607f62ca9cc3b34048c8c51e","spring-hadoop","strategist922/spring-hadoop"
"607f66869cc3b345f40e3959","togglz","sbartram/togglz"
"607f668c9cc3b345f40e3afb","Cafe","strivegithub/Cafe"
"607f67949cc3b310c42c16f8","RESTProvider","shamahn/RESTProvider"
"607f679c9cc3b310c42c1852","JTwitter","talkvip/JTwitter"
"607f6afa9cc3b31634f64d9d","jetpad-mapper","glebleonov/jetpad-mapper"
"607f6b009cc3b31634f65091","riot-api-java","jluzonpr/riot-api-java"
"607f6bc69cc3b300dc10f428","jOOL","sargue/jOOL"
"607f6bcb9cc3b300dc10f5a9","EssentialCmds","hsyyid/EssentialCmds"
"607f6fa49cc3b31b50ecb3e3","marioai","philknous/marioai"
"607f6faf9cc3b31b50ecb6ae","fuel-java","sixtoad/fuel-java"
"607f71009cc3b3153c5dadc7","starbucks","siyan/starbucks"
"607f71039cc3b3153c5db09d","ExtraHardMode","SpaZMonKeY777/ExtraHardMode"
"607f760c9cc3b33c58c7f4ec","spimviewer","skalarproduktraum/spimviewer"
"607f76109cc3b33c58c7f6a2","Jump","DynamicTim/Jump"
"607f79759cc3b32700f87364","yoga","Shekharv/yoga"
"607f797e9cc3b32700f8755f","askygrid","tastybento/askygrid"
"607f7ff59cc3b308981a54a1","hawtdispatch","tanghb/hawtdispatch"
"607f7ffa9cc3b308981a5624","jabsorb","gmkll/jabsorb"
"607f81209cc3b3182455577f","AChartEngine","StoyanD/AChartEngine"
"607f81269cc3b318245559bb","podam","mfazliaziz/podam"
"607f82299cc3b315a8c7e6da","fluency","komamitsu/fluency"
"607f82309cc3b315a8c7e983","stringtemplate4","ezhangle/stringtemplate4"
"607f82db9cc3b314209e9afc","spring-batch-admin","shaikeliasmca/spring-batch-admin"
"607f82e39cc3b314209e9ce6","poi-tl","Sayi/poi-tl"
"607f849c9cc3b33bec721004","marketplace","StratusLab/marketplace"
"607f84a39cc3b33bec7212ce","spring-security-saml","sbcoba/spring-security-saml"
"607f85339cc3b32b6012a086","Amazon-S3-FileSystem-NIO2","sbeimin/Amazon-S3-FileSystem-NIO2"
"607f85399cc3b32b6012a205","vanilla","taiko000/vanilla"
"607f863e9cc3b33e0039ea74","Stitching","tak3r/Stitching"
"607f86429cc3b33e0039ebd5","jsmpp","shamim8888/jsmpp"
"607f86da9cc3b30f1c0debd7","gwtupload","cyrilmhansen/gwtupload"
"607f86e19cc3b30f1c0ded47","DMDirc-Parser","ShaneMcC/DMDirc-Parser"
"607f88909cc3b3100c3a40f3","dddsample-core","kamil-khamidullin/dddsample-core"
"607f889b9cc3b3100c3a4393","neoclipse","TamaraKnezevic/neoclipse"
"607f8a5c9cc3b33044680b5d","MyWarp","epicbastion/MyWarp"
"607f8a739cc3b33044680dba","yaxim","scool123/yaxim"
"6082082a12f9e03e545b4b5d","map","chodanunsrinil/map"
"6082083612f9e03e545b4dc7","jedis","strategist922/jedis"
"60820a5a12f9e0361804edc6","carpentersblocks","goblin9700/carpentersblocks"
"60820a7112f9e0361804f20d","XposedInstaller","studycwq/XposedInstaller"
"60820b0912f9e02974657819","picasso","shangma/picasso"
"60820b1412f9e02974657b7c","ion","milanowen/ion"
"60820c4812f9e00478328f2d","camus","sixpak32577/camus"
"60820c5312f9e0047832914b","Lightning-Browser","SpartanApps/Lightning-Browser"
"60820d0212f9e04ee46e8c77","Vault","ScoreUnder/Vault"
"60820d0e12f9e04ee46e8f17","Morph","skwerl56767/Morph"
"6082107912f9e02890ec05df","jmxtrans","SpOOnman/jmxtrans"
"6082108212f9e02890ec0747","Jest","spphappy/Jest"
"608212ad12f9e026ac1a38ae","seyren","SpritzInc/seyren"
"608212b412f9e026ac1a3aa3","kubernetes-plugin","azweb76/kubernetes-plugin"
"608215cb12f9e032f0c68dc6","swagger-maven-plugin","aeq/swagger-maven-plugin"
"608215d312f9e032f0c68fcd","cordova-plugin-inappbrowser","shapingcloud/cordova-plugin-inappbrowser"
"608217a012f9e048945632a8","cordova-plugin-themeablebrowser","spicylobster/cordova-plugin-themeablebrowser"
"608217a512f9e04894563456","JAdventure","shiguang1120/JAdventure"
"6082187512f9e01e1cf14e8b","swagger-springmvc","tdemande/swagger-springmvc"
"6082188112f9e01e1cf151ae","LegacyLauncher","Spoutcraft/LegacyLauncher"
"6082235612f9e024188f9ef7","jenkins-client","RainerW/jenkins-client"
"6082235c12f9e024188fa0e3","Minecraft-Server-Mod","REVOC/Minecraft-Server-Mod"
"608223f512f9e04a6c0e9418","jira-plugin","stuartrowe/jira-plugin"
"608223ff12f9e04a6c0e96a4","okio","serj-lotutovici/okio"
"608224f512f9e01b64abc7d8","java-apns","stucchi/java-apns"
"608224fc12f9e01b64abc9be","pebble","customweb/pebble"
"608226d512f9e0232c1abc47","spring-data-jpa","LEEMYEONGHYEON/spring-data-jpa"
"608226e212f9e0232c1ac11a","email-ext-plugin","tan9/email-ext-plugin"
"6082279612f9e024b8a7f46b","jasmine-maven-plugin","mooms/jasmine-maven-plugin"
"608227b312f9e024b8a7f70e","jboss-modules","ShardaDabhekar/jboss-modules"
"6082286f12f9e01024ae4fa8","monasca-thresh","openstack/monasca-thresh"
"6082287512f9e01024ae5183","restfb","sharma-nakul/restfb"
"608228f612f9e031105a4f04","gerrit-events","scoheb/gerrit-events"
"608228fb12f9e031105a5126","build-pipeline-plugin","AkeelAli/build-pipeline-plugin"
"6082efd912f9e04f209233c6","jline2","shellc/jline2"
"6082efe312f9e04f20923614","openmrs-module-formentry","openmrs/openmrs-module-formentry"
"6082f11f12f9e024c84bcac3","wildfly-arquillian","baranowb/wildfly-arquillian"
"6082f12b12f9e024c84bcd01","mongojack","tbartley/mongojack"
"6082f1c312f9e018c87c698c","scylla-jmx","scylladb/scylla-jmx"
"6082f1d512f9e018c87c6d8f","spring-cloud-connectors","spring-cloud/spring-cloud-connectors"
